<?xml version="1.0" encoding="UTF-8"?>
<jcr:root xmlns:cq="http://www.day.com/jcr/cq/1.0" xmlns:jcr="http://www.jcp.org/jcr/1.0" xmlns:nt="http://www.jcp.org/jcr/nt/1.0"
    jcr:primaryType="cq:Dialog"
    title="Dialog"
    xtype="dialog">
    <items jcr:primaryType="cq:TabPanel">
        <items jcr:primaryType="cq:WidgetCollection">
            <tab1
                jcr:primaryType="cq:Panel"
                title="Tab 1">
                <items jcr:primaryType="cq:WidgetCollection">
                    <title
                        jcr:primaryType="cq:Widget"
                        fieldLabel="Title"
                        name="./jcr:title"
                        xtype="textfield"/>
                    <type
                        jcr:primaryType="cq:Widget"
                        fieldLabel="Type/Size"
                        name="./type"
                        type="select"
                        xtype="selection">
                        <options jcr:primaryType="cq:WidgetCollection">
                            <large
                                jcr:primaryType="nt:unstructured"
                                text="Large"
                                value="large"/>
                            <small
                                jcr:primaryType="nt:unstructured"
                                text="small"
                                value="small"/>
                        </options>
                    </type>
                </items>
            </tab1>
        </items>
    </items>
</jcr:root>
